<?xml version="1.0" encoding="UTF-8"?>

<setup>

   <Worlds>
      <Blizzard>
         <IP>goznalito.alwaysdata.net/</IP>
         <Port>6114</Port>
         <Zone>w1</Zone>
      </Blizzard>
   </Worlds>

   <Rooms>
      <Agent>
         <File>agent</File>
         <Music>0</Music>
         <Frame>1</Frame>
      </Agent>
      <Light>
         <File>light</File>
         <Music>0</Music>
         <Frame>1</Frame>
      </Light>
      <Town>
         <File>town</File>
         <Music>0</Music>
         <Frame>1</Frame>
      </Town>
      <Village>
         <File>village</File>
         <Music>0</Music>
         <Frame>1</Frame>
      </Village>
      <Rink>
         <File>rink</File>
         <Music>0</Music>
         <Frame>1</Frame>
      </Rink>
      <Coffee>
         <File>coffee</File>
         <Music>1</Music>
         <Frame>1</Frame>
      </Coffee>
      <Book>
         <File>book</File>
         <Music>0</Music>
         <Frame>1</Frame>
      </Book>
      <Dance>
         <File>dance</File>
         <Music>5</Music>
         <Frame>1</Frame>
      </Dance>
      <Lounge>
         <File>lounge</File>
         <Music>0</Music>
         <Frame>1</Frame>
      </Lounge>
      <Berg>
         <File>berg</File>
         <Music>0</Music>
         <Frame>1</Frame>
      </Berg>
      <Shop>
         <File>shop</File>
         <Music>0</Music>
         <Frame>1</Frame>
      </Shop>
      <Dock>
         <File>dock</File>
         <Music>0</Music>
         <Frame>1</Frame>
      </Dock>
      <Dojo>
         <File>dojo</File>
         <Music>21</Music>
         <Frame>1</Frame>
      </Dojo>
      <Mtn>
         <File>mtn</File>
         <Music>0</Music>
         <Frame>1</Frame>
      </Mtn>
      <Sport>
         <File>sport</File>
         <Music>0</Music>
         <Frame>1</Frame>
      </Sport>
      <Forts>
         <File>forts</File>
         <Music>0</Music>
         <Frame>1</Frame>
      </Forts>
      <Plaza>
         <File>plaza</File>
         <Music>0</Music>
         <Frame>1</Frame>
      </Plaza>
      <Pet>
         <File>pet</File>
         <Music>0</Music>
         <Frame>1</Frame>
      </Pet>
      <Lodge>
         <File>lodge</File>
         <Music>0</Music>
         <Frame>1</Frame>
      </Lodge>
      <Pizza>
         <File>pizza</File>
         <Music>20</Music>
         <Frame>1</Frame>
      </Pizza>
   </Rooms>

   <Games>
      <Beans>
         <File>beans</File>
         <Music>101</Music>
         <Frame>0</Frame>
      </Beans>
      <Biscuit>
         <File>biscuit</File>
         <Music>100</Music>
         <Frame>0</Frame>
      </Biscuit>
      <Fish>
         <File>fish</File>
         <Music>103</Music>
         <Frame>0</Frame>
      </Fish>
      <Astro>
         <File>astro</File>
         <Music>0</Music>
         <Frame>0</Frame>
      </Astro>
      <Mancala>
         <File>mancala</File>
         <Music>0</Music>
         <Frame>0</Frame>
      </Mancala>
      <Sled>
         <File>sled</File>
         <Music>0</Music>
         <Frame>0</Frame>
      </Sled>
      <Puffle>
         <File>puffle</File>
         <Music>102</Music>
         <Frame>0</Frame>
      </Puffle>
   </Games>

   <Catalogues>
      <Clothing>
         <File>clothing05</File>
      </Clothing>
      <Pets>
         <File>adopt06</File>
      </Pets>
      <Sport>
         <File>sport0709</File>
      </Sport>
      <Furniture>
         <File>furniture06</File>
      </Furniture>
      <Igloo>
         <File>igloo96</File>
      </Igloo>
   </Catalogues>

   <News>
      <File>1</File>
   </News>

   <Igloo>80</Igloo>

   <screenWidth>800</screenWidth>

   <screenHeight>600</screenHeight>

   <Penguin>penguin</Penguin>

   <isSoundOn>true</isSoundOn>

   <Version>1</Version>

</setup>